﻿<?xml version="1.0" encoding="UTF-8"?>
<Configuration>
   <CheckCases name="测试指令集">
	   <CheckItem cmdstr="00" cmddesc="复位初始化" cmd="F5 00 00 00 01 00 01 01 AC DA 55" rtnNum="1" rebuild="false"/>
	   <CheckItem cmdstr="02" cmddesc="播放单路气味1" cmd="F5 00 00 00 01 02 05 01 00 00 07 D0 D1 DA 55" rtnNum="1" rebuild="false"/>
	   <CheckItem cmdstr="02" cmddesc="播放单路气味2" cmd="F5 00 00 00 01 02 05 02 00 00 07 D0 D1 9E 55" rtnNum="1" rebuild="false"/>
	   <CheckItem cmdstr="02" cmddesc="播放单路气味3" cmd="F5 00 00 00 01 02 05 03 00 00 07 D0 11 A3 55" rtnNum="1" rebuild="false"/>
	   <CheckItem cmdstr="02" cmddesc="播放单路气味4" cmd="F5 00 00 00 01 02 05 04 00 00 07 D0 D1 16 55" rtnNum="1" rebuild="false"/>
	   <CheckItem cmdstr="02" cmddesc="播放单路气味5" cmd="F5 00 00 00 01 02 05 05 00 00 07 D0 11 2B 55" rtnNum="1" rebuild="false"/>
	   <CheckItem cmdstr="02" cmddesc="播放单路气味6" cmd="F5 00 00 00 01 02 05 06 00 00 07 D0 11 6F 55" rtnNum="1" rebuild="false"/>
	   <CheckItem cmdstr="0E" cmddesc="获取设备气路通道的气味编码" cmd="F5 00 00 00 01 0E 01 06 AD FA 55" rtnNum="1" rebuild="false"/>
	   <CheckItem cmdstr="0B" cmddesc="写设备时钟" cmd="F5 00 00 00 01 0B 08 01 15 0C 0D 01 0B 0B 0B 11 27 55" rtnNum="1" rebuild="true"/>
	   <CheckItem cmdstr="0B" cmddesc="读设备时钟" cmd="F5 00 00 00 01 0B 01 02 6F EB 55" rtnNum="1" rebuild="false"/>
	   <CheckItem cmdstr="11" cmddesc="获取设备状态" cmd="F5 00 00 00 01 11 01 00 69 4B 55" rtnNum="6" rebuild="false"/>
	   <CheckItem cmdstr="00" cmddesc="复位初始化" cmd="F5 00 00 00 01 00 01 01 AC DA 55" rtnNum="1" rebuild="false"/>
    </CheckCases>
	<WaitTime value="2"/>
</Configuration>