{
  "$type": "SKII.Communication.PortsManager, SKII.Communication",
  "Ports": {
    "$type": "System.Collections.Generic.List`1[[SKII.Communication.BaseBus, SKII.Communication]], mscorlib",
    "$values": [
      {
        "$type": "SKII.Communication.Ports.SingleCommBus, SKII.Communication",
        "CommName": "COM9",
        "CommBaudRate": 19200,
        "CommDataBits": 8,
        "CommStopBits": 1,
        "CommParity": 0,
        "PortId": "CP15511104387837",
        "PortName": "串口通信(RS232),单个设备通信",
        "PortDesc": "测试端口",
        "GUID": "83f9e9a9-cbf8-3bc8-a661-f85cb591518d"
      }
    ]
  }
}