﻿<?xml version="1.0" encoding="UTF-8"?>
<Configuration>
   <CheckCases name="测试指令集">
	   <CheckItem addr="1" cmdstr="02" cmddesc="播放单路气味1" cmd="F5 00 01 00 01 02 05 01 00 00 07 D0 14 8B 55" rtnNum="1" rebuild="false"/>
	   <CheckItem addr="3" cmdstr="02" cmddesc="播放单路气味3" cmd="F5 00 03 00 01 02 05 03 00 00 07 D0 1E 53 55" rtnNum="1" rebuild="false"/>
	   <CheckItem addr="5" cmdstr="02" cmddesc="播放单路气味5" cmd="F5 00 05 00 01 02 05 05 00 00 07 D0 01 3B 55" rtnNum="1" rebuild="false"/>
	   <CheckItem addr="7" cmdstr="0E" cmddesc="获取设备气路通道的气味编码" cmd="F5 00 07 00 01 0E 01 06 1A FB 55" rtnNum="1" rebuild="false"/>
	   <CheckItem addr="8" cmdstr="11" cmddesc="获取设备状态" cmd="F5 00 08 00 01 11 01 00 21 4A 55" rtnNum="6" rebuild="false"/>
    </CheckCases>
	<WaitTime value="2"/>
	<Channels>
		<Chanel id="782"/>
		<Chanel id="790"/>
		<Chanel id="793"/>
	</Channels>
	<HaveChannels>
		<Chanel id="1"/>
		<Chanel id="3"/>
		<Chanel id="5"/>
	</HaveChannels>
	<Version value="3路自动测试V2.8"/>
	<Period desc="胶囊寿命标准判断" min="0.98"/>
</Configuration>